POL;Ruling Cabinet - Start;Name;Start Year;End Year;Retirement Year;Ideology;Personality;Loyalty;Picturename;X
;Replacements;;;;;;;;;X
60001;Head of State;Ignacy Moscicki;1926;1964;1999;PA;Stern Imperialist;High;M13001;X
60002;Head of Government;Marian Zyndram-Koscialkowski;1933;1964;1999;PA;Flamboyant Tough Guy;High;M13002;X
60003;Foreign Minister;J簇ef Beck;1933;1964;1999;PA;General Staffer;High;M13003;X
60004;Minister of Armament;Tadeusz Kasprzycki;1933;1964;1999;PA;Military Entrepreneur;Medium;M13004;X
60005;Minister of Security;Wladyslaw Raczkiewicz;1933;1964;1999;PA;Crime Fighter;Medium;M13005;X
60006;Head of Military Intelligence;T. Pelczynski-Grzegorz;1933;1964;1999;PA;Logistics Specialist;High;M13006;X
60007;Chief of Staff;Edward Rydz-Smigly;1933;1942;1942;PA;School of Defence;High;M13007;X
60008;Chief of Army;Edward Rydz-Smigly;1933;1942;1942;PA;Decisive battle doctrine;High;M13007;X
60009;Chief of Navy;Jerzy Swirski;1918;1964;1999;PA;Open Seas Doctrine;Medium;M13009;X
60010;Chief of Air Force;J簇ef Zajac;1933;1964;1999;PA;Air Superiority Doctrine;Medium;M13010;X
60011;Head of State;Kazimierz Sosnkowski;1939;1964;1999;SC;Resigned Generalissimo;High;M13032;X
60012;Head of State;Boleslaw Bierut;1945;1964;1999;LWR;Stern Imperialist;High;M13033;X
60013;Head of State;Boleslaw Bierut;1947;1964;1999;ST;Barking Buffoon;High;M13033;X
60014;Head of State;Boleslaw Wieniawa-Dlugoszowski;1939;1964;1999;SL;Benevolent Gentleman;High;M13035;X
60015;Head of State;Ignacy Jan Paderewski;1933;1964;1999;SC;Weary Stiffneck;High;M13036;X
60016;Head of State;Wladyslaw Raczkiewicz;1939;1964;1999;ML;Insignificant Layman;High;M13005;X
60017;Head of State;Wanda Wasilewska;1937;1964;1999;LWR;Die-hard Reformer;High;M13038;X
60018;Head of State;Wladyslaw Gomulka;1942;1964;1999;LWR;Popular Figurehead;High;M13039;X
60019;Head of State;Walery Slawek;1933;1964;1999;PA;Insignificant Layman;High;M13040;X
60020;Head of Government;Felicjan Slawoj-Skladkowski;1933;1964;1999;PA;Naive Optimist;High;M13041;X
60021;Head of Government;Wojciech Korfanty;1933;1964;1999;SL;Happy Amateur;High;M13042;X
60022;Head of Government;Wladyslaw Sikorski;1922;1944;1957;SC;Old General;High;M13043;X
60023;Head of Government;Stanislas A. Neyman;1939;1964;1999;SD;Smiling Oilman;High;M13044;X
60024;Head of Government;Mieczyslaw Michalowicz;1942;1964;1999;SD;Ambitious Union Boss;High;M13045;X
60025;Head of Government;Stanislaw Mikolajczyk;1943;1964;1999;ML;Corporate Suit;High;M13046;X
60026;Head of Government;Tomasz Arciszewski;1944;1964;1999;SL;Political Protege;High;M13047;X
60027;Head of Government;Edward Osobka-Morawski;1945;1964;1999;LWR;Political Protege;High;M13022;X
60028;Head of Government;J簇ef Cyrankiewicz;1947;1964;1999;ST;Silent Workhorse;High;M13049;X
60029;Head of Government;Roman Dmowski;1933;1964;1999;FA;Backroom Backstabber;High;M13050;X
60030;Head of Government;Tadeusz Bielecki;1933;1964;1999;NS;Happy Amateur;High;M13051;X
60031;Head of Government;Eugeniusz Kwiatkowski;1937;1964;1999;SL;Naive Optimist;High;M13052;X
60032;Head of Government;Marceli Nowotko;1941;1964;1999;ST;Political Protege;High;M13053;X
60033;Head of Government;Jan Kwapinski;1944;1964;1999;SC;Corporate Suit;High;M13054;X
60034;Head of Government;Stanislaw Osiecki;1933;1964;1999;SD;Happy Amateur;High;M13055;X
60035;Head of Government;Boleslaw Drobner;1943;1964;1999;LWR;Naive Optimist;High;M13056;X
60036;Foreign Minister;August Zaleski;1939;1964;1999;SC;Ideological Crusader;High;M13012;X
60037;Foreign Minister;Edward Raczynski;1941;1964;1999;SC;Biased Intellectual;Medium;M13059;X
60038;Foreign Minister;Tadeusz Romer;1943;1964;1999;ML;Apologetic Clerk;Medium;M13060;X
60039;Foreign Minister;Adam Tarnowski;1944;1964;1999;SL;Iron Fisted Brute;High;M13061;X
60040;Foreign Minister;Edward Osobka-Morawski;1945;1964;1999;LWR;The Cloak N Dagger Schemer;Medium;M13022;X
60041;Foreign Minister;Wincenty Rzymowski;1945;1964;1999;SD;Great Compromiser;High;M13063;X
60042;Foreign Minister;Zygmunt Modzelewski;1947;1964;1999;ST;Biased Intellectual;High;M13064;X
60043;Foreign Minister;Jan Piekalkiewicz;1939;1964;1999;SD;Biased Intellectual;Medium;M13065;X
60044;Foreign Minister;Henryk Leon Strasburger;1938;1964;1999;SL;Biased Intellectual;High;M13066;X
60045;Foreign Minister;Jedrzej Giertych;1933;1964;1999;FA;Ideological Crusader;Medium;M13067;X
60046;Foreign Minister;Ignacy Jan Paderewski;1933;1964;1999;SD;General Staffer;High;M13036;X
60047;Foreign Minister;Boleslaw Drobner;1943;1964;1999;LWR;Ideological Crusader;Low;M13056;X
60048;Foreign Minister;Adam Pr祖hnik;1945;1964;1999;SD;Biased Intellectual;Low;M13070;X
60049;Foreign Minister;Norbert Barlicki;1943;1964;1999;LWR;Ideological Crusader;Medium;M13021;X
60050;Minister of Armament;Eugeniusz Kwiatkowski;1933;1964;1999;PA;Administrative Genius;Very High;M13052;X
60051;Minister of Armament;Casimir Ehrenberg;1939;1964;1999;SC;laissez-faire capitalist;Medium;M13073;X
60052;Minister of Armament;Bronislaw Regulski;1941;1964;1999;SC;Infantry Proponent;High;M13074;X
60053;Minister of Armament;Ludwik W. Rajchmann;1943;1964;1999;ML;Resource Industrialist;High;M13075;X
60054;Minister of Armament;Wojciech Korfanty;1943;1964;1999;ML;Military Entrepreneur;Medium;M13042;X
60055;Minister of Armament;Stanislas A. Neyman;1944;1964;1999;SL;Administrative Genius;High;M13044;X
60056;Minister of Armament;Herman Liebermann;1945;1964;1999;SD;Theoretical Scientist;Medium;M13027;X
60057;Minister of Armament;Hilary Minc;1947;1964;1999;ST;Air to Sea Proponent;Medium;M13079;X
60058;Minister of Armament;Leon Kozlowski;1937;1964;1999;NS;Infantry Proponent;Medium;M13080;X
60059;Minister of Armament;Henryk Leon Strasburger;1937;1964;1999;SD;laissez-faire capitalist;Medium;M13066;X
60060;Minister of Armament;Adam Koc;1933;1964;1999;SL;Resource Industrialist;Medium;M13082;X
60061;Minister of Armament;Stanislaw Glabinski;1933;1964;1999;FA;laissez-faire capitalist;Medium;M13083;X
60062;Minister of Armament;Jan Stefan Haneman;1944;1964;1999;ST;Air to Ground Proponent;Medium;M13084;X
60063;Minister of Armament;J簇ef Niecko;1933;1964;1999;SD;Resource Industrialist;Medium;M13085;X
60064;Minister of Armament;Michal Rola-Zymierski;1944;1964;1999;ST;Tank Proponent;Medium;M13086;X
60065;Minister of Armament;J簇ef Haller;1933;1964;1999;SL;Military Entrepreneur;Medium;M13087;X
60066;Minister of Armament;Tadeusz Lychowski;1939;1964;1999;SD;Administrative Genius;Medium;M13088;X
60067;Minister of Security;Felicjan Slawoj-Skladkowski;1933;1964;1999;PA;Efficient Sociopath;High;M13041;X
60068;Minister of Security;Adam Rose;1939;1964;1999;SC;Crime Fighter;Medium;M13090;X
60069;Minister of Security;Eugeniusz Kwiatkowski;1940;1964;1999;SC;Prince of Terror;Very High;M13052;X
60070;Minister of Security;Marjan Rudzinski;1943;1964;1999;ML;Back Stabber;Medium;M13092;X
60071;Minister of Security;Antoni Roman;1943;1964;1999;ML;Silent Lawyer;Low;M13093;X
60072;Minister of Security;Wincenty Witos;1944;1964;1999;SL;Man of the People;High;M13094;X
60073;Minister of Security;Mieczyslaw Niedzialkowski;1945;1964;1999;SD;Crime Fighter;Medium;M13095;X
60074;Minister of Security;Jakub Berman;1947;1964;1999;ST;Prince of Terror;Medium;M13096;X
60075;Minister of Security;Stanislaw Mikolajczyk;1939;1964;1999;SD;Man of the People;Medium;M13046;X
60076;Minister of Security;Karol Popiel;1933;1964;1999;SL;Silent Lawyer;High;M13098;X
60077;Minister of Security;Aleksander Zawadzki;1943;1964;1999;ST;Compassionate Gentleman;Medium;M13099;X
60078;Minister of Security;Waclaw Mohl;1940;1964;1999;PA;Compassionate Gentleman;Medium;M13100;X
60079;Minister of Security;Mieczyslaw Trajdos;1938;1964;1999;FA;Silent Lawyer;Medium;M13101;X
60080;Minister of Security;Kazimierz Switalski;1933;1964;1999;PA;Efficient Sociopath;Medium;M13102;X
60081;Minister of Security;Witold Grabowski;1933;1964;1999;PA;Crime Fighter;Medium;M13103;X
60082;Minister of Security;Janusz Radziwill;1933;1964;1999;PA;Man of the People;Medium;M13104;X
60083;Minister of Security;Kazimierz Bartel;1933;1964;1999;PA;Back Stabber;Medium;M13105;X
60084;Head of Military Intelligence;Adam Tarnowski;1939;1964;1999;SC;Dismal Enigma;High;M13061;X
60085;Head of Military Intelligence;Feliks Koneczny;1943;1964;1999;ML;Technical Specialist;High;M13108;X
60086;Head of Military Intelligence;Alfred Leon Konopka;1944;1964;1999;SL;Political Specialist;High;M13109;X
60087;Head of Military Intelligence;Mieczyslaw Sokolowski;1945;1964;1999;SD;Industrial Specialist;High;M13110;X
60088;Head of Military Intelligence;Stanislaw Dubois;1945;1964;1999;ST;Political Specialist;Medium;M13026;X
60089;Head of Military Intelligence;Ignacy Matuszewski;1937;1964;1999;SC;Logistics Specialist;Medium;M13112;X
60090;Head of Military Intelligence;Jan Kowalewski;1933;1966;1966;PA;Dismal Enigma;Medium;M13113;X
60091;Head of Military Intelligence;Wieslaw Domaniewski;1938;1964;1999;SL;Technical Specialist;High;M13114;X
60092;Chief of Staff;Waclaw Stachiewicz;1918;1964;1999;PA;School of Fire Support;Low;M13115;X
60093;Chief of Staff;Wladyslaw Sikorski;1939;1944;1957;SC;School of Manoeuvre;Medium;M13043;X
60094;Chief of Staff;Michal Karaszewicz-Tokarzewski;1943;1964;1999;ML;School of Defence;Medium;M13117;X
60095;Chief of Staff;Stefan Rowecki;1943;1964;1999;ML;School of Psychology;Medium;M13118;X
60096;Chief of Staff;Tadeusz Bor-Komorowski;1943;1964;1999;SL;School of Mass Combat;Medium;M13119;X
60097;Chief of Staff;Stanislaw Kopanski;1944;1964;1999;SL;School of Manoeuvre;High;M13120;X
60098;Chief of Staff;Leopold Okulicki;1945;1964;1999;SD;School of Fire Support;Low;M13121;X
60099;Chief of Staff;Michal Rola-Zymierski;1944;1964;1999;ST;School of Mass Combat;Medium;M13122;X
60100;Chief of Army;Wladyslaw Sikorski;1939;1944;1957;SC;Guns and Butter Doctrine;Medium;M13043;X
60101;Chief of Army;Wladyslaw Anders;1943;1964;1999;ML;Elastic Defence Doctrine;Medium;M13125;X
60102;Chief of Army;Tadeusz Bor-Komorowski;1944;1964;1999;SL;Guns and Butter Doctrine;Medium;M13119;X
60103;Chief of Army;Michal Rola-Zymierski;1945;1964;1999;ST;Armoured Spearhead Doctrine;Medium;M13122;X
60104;Chief of Army;Wladyslaw Grabsky;1945;1964;1999;SD;Guns and Butter Doctrine;Medium;M13128;X
60105;Chief of Army;Jan Kowalewski;1937;1966;1966;FA;Elastic Defence Doctrine;Low;M13113;X
60106;Chief of Navy;Jozef Unrug;1933;1964;1999;PA;Indirect Approach Doctrine;Medium;M13130;X
60107;Chief of Navy;Francois Sokal;1939;1964;1999;SC;Open Seas Doctrine;Medium;M13131;X
60108;Chief of Navy;Leon Chajn;1943;1964;1999;ML;Base Control Doctrine;Medium;M13132;X
60109;Chief of Navy;Adam Rapacki;1945;1964;1999;LE;Power Projection Doctrine;High;M13029;X
60110;Chief of Air Force;Ludomil Rayski;1933;1964;1999;PA;Army Aviation Doctrine;Medium;M13134;X
60111;Chief of Air Force;Stanislaw Pawluc;1939;1964;1999;SC;Air Superiority Doctrine;Medium;M13135;X
60112;Chief of Air Force;Wladyslaw Kalkus;1943;1964;1999;SL;Carpet Bombing Doctrine;Medium;M13136;X
60113;Chief of Air Force;Czeslaw Bieszczad;1945;1964;1999;ST;Army Aviation Doctrine;Very High;M13137;X
60114;Head of State;Boleslaw Piasecki;1933;1964;1999;PA;Barking Buffoon;High;M13011;X
60115;Head of Government;August Zaleski;1933;1964;1999;PA;Happy Amateur;High;M13012;X
60116;Foreign Minister;Jan hr. Szembek;1933;1964;1999;PA;Apologetic Clerk;Low;M13013;X
60117;Minister of Armament;Jerzy Zdziechowski;1933;1964;1999;NS;Corrupt Kleptocrat;Medium;M13014;X
60118;Minister of Security;Leon Joseph Baranski;1933;1964;1999;PA;Back Stabber;Medium;M13015;X
60119;Head of Military Intelligence;Janusz Zoltowski;1933;1964;1999;FA;Dismal Enigma;Medium;M13016;X
60120;Chief of Staff;Wladyslaw Moczar;1933;1964;1999;FA;School of Psychology;Medium;M13017;X
60121;Chief of Army;Tomislaw Lupaszko;1933;1964;1999;PA;Decisive Battle Doctrine;Low;M13018;X
60122;Chief of Navy;Jan Kiwerski;1933;1964;1999;FA;Indirect Approach Doctrine;Low;M13019;X
60123;Chief of Air Force;Alfred Chlapowski;1933;1964;1999;FA;Army Aviation Doctrine;Low;M13020;X
60124;Head of State;Norbert Barlicki;1933;1964;1999;ST;Ruthless Powermonger;High;M13021;X
60125;Head of Government;Edward Osobka-Morawski;1933;1964;1999;ST;Political Protege;High;M13022;X
60126;Foreign Minister;Pawel Finder;1933;1964;1999;LE;The Cloak N Dagger Schemer;Low;M13023;X
60127;Minister of Armament;Zygmunt Berling;1933;1964;1999;ST;Infantry Proponent;Medium;M13024;X
60128;Minister of Security;Stanislaw Radkiewicz;1933;1964;1999;ST;Efficient Sociopath;Medium;M13025;X
60129;Chief of Staff;Herman Liebermann;1933;1964;1999;LWR;School of Psychology;Medium;M13027;X
60130;Chief of Army;Karol Swierczewski;1933;1964;1999;ST;Decisive Battle doctrine;Low;M13028;X
60131;Chief of Air Force;Ludwik Grosfeld;1933;1964;1999;LWR;Carpet Bombing Doctrine;Very High;M13030;X
60132;Head of Government;Boleslaw Bierut;1952;1964;1999;ST;Flamboyant Tough Guy;High;M13033;X
60133;Foreign Minister;Stanislaw Skrzeszewski;1951;1964;1999;ST;Apologetic Clerk;High;M13139;X
60134;Minister of Armament;Konstanty Dabrowski;1945;1964;1999;ST;Resource Industrialist;Medium;M13140;X
60135;Head of Military Intelligence;Henryk Swiatkowski;1947;1964;1999;ST;Dismal Enigma;Medium;M13141;X
60136;Chief of Air Force;Hipolit Lossowski;1914;1933;1999;PA;Air Superiority Doctrine;Medium;2931;X
60137;Chief of Army;J簇ef Pilsudski;1900;1919;1999;PA;Guns and Butter Doctrine;Medium;2932;X
60138;Chief of Army;J簇ef Haller;1919;1933;1999;SC;Guns and Butter Doctrine;Medium;2933;X
60139;Chief of Army;J簇ef Pilsudski;1919;1935;1999;PA;Decisive Battle Doctrine;Medium;2932;X
60140;Chief of Navy;Kazimierz Porebski;1914;1933;1999;PA;Open Seas Doctrine;Medium;2934;X
60141;Chief of Staff;J簇ef Lesniewski;1914;1920;1999;ML;School of Psychology;High;3929;X
60142;Chief of Staff;Kazimierz Sosnkowski;1920;1933;1999;SC;School of Manoeuvre;Medium;2935;X
60143;Chief of Staff;Jan Michalski;1919;1933;1999;SC;School of Psychology;Medium;3930;X
60144;Chief of Staff;Jan Stoinski;1919;1933;1999;SC;School of Psychology;Medium;unknownminister;X
60145;Chief of Staff;Wladyslaw Grzedzielski;1919;1933;1999;SD;School of Fire Support;Medium;unknownminister;X
60146;Chief of Staff;Jan Wroczynski;1919;1946;1946;SC;School of Fire Support;Medium;unknownminister;X
60147;Chief of Staff;J簇ef Pilsudski;1900;1935;1999;PA;School of Manoeuvre;Medium;2932;X
60148;Chief of Staff;Tadeusz Rozwadowski;1918;1933;1999;PA;School of Psychology;Medium;2936;X
60149;Chief of Staff;J簇ef Lesniewski;1920;1922;1999;SC;School of Manoeuvre;Medium;3929;X
60150;Foreign Minister;Leon Wasilewski;1914;1919;1999;SC;Great Compromiser;Medium;2937;X
60151;Foreign Minister;Jan Dabski;1920;1933;1999;SD;Great Compromiser;Medium;2938;X
60152;Foreign Minister;Konstanty Skirmunt;1920;1933;1999;ML;Great Compromiser;Medium;3931;X
60153;Foreign Minister;Leon Wasilewski;1919;1933;1999;SC;Great Compromiser;Medium;2937;X
60154;Foreign Minister;Wladyslaw Wr眺lewski;1919;1932;1952;SC;Great Compromiser;Medium;2939;X
60155;Foreign Minister;Ignacy Paderewski;1917;1933;1999;SD;Great Compromiser;High;2940;X
60156;Foreign Minister;Stanislaw Patek;1919;1933;1999;SC;Apologetic Clerk;High;2941;X
60157;Foreign Minister;Eustachy Sapieha;1919;1933;1999;SC;Apologetic Clerk;High;2942;X
60158;Foreign Minister;Adam hr. Tarnowski;1919;1933;1999;SD;Iron Fisted Brute;High;3932;X
60159;Foreign Minister;Jan Hr. Szembek;1919;1933;1999;SC;Apologetic Clerk;Low;2943;X
60160;Head of Government;Jedrzej Moraczewski;1914;1933;1999;SC;Flamboyant Tough Guy;High;2944;X
60161;Head of Government;Ignacy Paderewski;1917;1933;1999;SD;Happy Amateur;High;2940;X
60162;Head of Government;Leopold Skulski;1919;1933;1999;SD;Silent Workhorse;High;3933;X
60163;Head of Government;Wladyslaw Grabski;1919;1933;1999;ML;Corporate Suit;High;2945;X
60164;Minister of Security;Wincenty Witos;1919;1933;1999;SC;Man of the People;High;2946;X
60165;Head of Government;Wojciech Korfanty;1919;1933;1999;SC;Happy Amateur;High;2947;X
60166;Head of Government;Roman Dmowski;1919;1933;1999;SD;Backroom Backstabber;High;M13050;X
60167;Head of Military Intelligence;Shadow;1914;1933;1999;PA;Logistics Specialist;High;unknownminister;X
60168;Head of Military Intelligence;Adam hr. Tarnowski;1919;1933;1999;SD;Dismal Enigma;High;3932;X
60169;Head of State;J簇ef Pilsudski;1900;1935;1999;PA;Resigned Generalissimo;High;2932;X
60170;Head of State;Gabriel Narutowicz;1917;1933;1999;ML;Benevolent Gentleman;High;2948;X
60171;Head of State;Ignacy Paderewski;1919;1933;1999;SD;Weary Stiffneck;High;2940;X
60172;Head of State;Stanislaw Wojciechowski;1919;1933;1999;SC;Weary Stiffneck;High;2951;X
60173;Head of State;Shadow;1914;1933;1999;PA;Benevolent Gentleman;High;unknownminister;X
60174;Minister of Armament;Antoni Minkiewicz;1914;1933;1999;PA;Military Entrepreneur;Medium;9923;X
60175;Minister of Armament;Wladyslaw Grabski;1917;1933;1999;ML;Administrative Genius;Medium;2945;X
60176;Minister of Armament;Leon Wyczolkowski;1920;1933;1999;SC;Military Entrepreneur;Medium;3934;X
60177;Minister of Armament;Wladyslaw Byrka;1919;1933;1999;SC;Military Entrepreneur;Medium;3935;X
60178;Minister of Armament;Ignacy Weinfeld;1919;1933;1999;SC;Military Entrepreneur;Medium;unknownminister;X
60179;Minister of Armament;Stefan Przanowski;1920;1933;1999;ML;laissez-faire capitalist;Medium;3936;X
60180;Minister of Armament;Jan Michalski;1920;1933;1999;ML;laissez-faire capitalist;Medium;3930;X
60181;Minister of Armament;Henryk Leon Strasburger;1920;1933;1999;ML;Resource Industrialist;Medium;M13066;X
60182;Minister of Armament;Jan Stoinski;1920;1933;1999;SC;Military Entrepreneur;Medium;unknownminister;X
60183;Minister of Armament;Jan Kanty Steczkowski;1914;1930;1930;ML;laissez-faire capitalist;Medium;3937;X
60184;Minister of Armament;Franciszek Woyda;1919;1933;1999;ML;Military Entrepreneur;Medium;3057;X
60185;Minister of Armament;Blazej Stolarski;1919;1933;1999;ML;Military Entrepreneur;Medium;3938;X
60187;Minister of Armament;Boleslaw Markowski;1921;1933;1999;SC;Military Entrepreneur;Medium;3939;X
60188;Minister of Armament;Oskar Sobanski;1919;1933;1999;SD;Military Entrepreneur;Medium;3031;X
60189;Minister of Armament;Stanislaw Karpinski;1919;1933;1999;SC;Military Entrepreneur;Medium;2949;X
60190;Minister of Armament;Antoni Olszewski;1919;1933;1999;SC;Military Entrepreneur;Medium;3042;X
60191;Minister of Armament;Wieslaw Chrzanowski;1919;1933;1999;PA;Military Entrepreneur;Medium;3940;X
60192;Minister of Armament;Leon Bilinski;1919;1933;1999;SD;laissez-faire capitalist;Medium;9915;X
60193;Minister of Armament;Kazimierz Hacia;1919;1933;1999;SD;laissez-faire capitalist;Medium;3941;X
60194;Minister of Armament;J簇ef Englich;1919;1933;1999;ML;laissez-faire capitalist;Medium;3942;X
60195;Minister of Armament;Stanislaw Sliwinski;1919;1933;1999;ML;Military Entrepreneur;Medium;3943;X
60196;Minister of Armament;Gabriel Narutowicz;1919;1933;1999;ML;Laissez-Faire Capitalist;Medium;2948;X
60197;Minister of Armament;Wojciech Korfanty;1919;1933;1999;SD;Military Entrepreneur;Medium;2947;X
60198;Minister of Armament;J簇ef Haller;1919;1933;1999;SC;Military Entrepreneur;Medium;2933;X
60199;Minister of Security;Stanislaw Thugutt;1914;1933;1999;SC;Silent Lawyer;Medium;2950;X
60200;Minister of Security;Leopold Skulski;1919;1933;1999;SC;Silent Lawyer;Medium;3933;X
60201;Minister of Security;Wladyslaw Raczkiewicz;1919;1933;1999;SC;Silent Lawyer;Medium;M13005;X
60202;Minister of Security;Stanislaw Thugutt;1919;1933;1999;SC;Silent Lawyer;Medium;2950;X
60203;Minister of Security;Ignacy Paderewski;1919;1933;1999;SD;Silent Lawyer;Medium;2940;X
60204;Minister of Security;Stanislaw Wojciechowski;1917;1933;1999;SC;Compassionate Gentleman;Medium;2951;X
60205;Minister of Security;J簇ef Kuczynski;1919;1933;1999;SC;Compassionate Gentleman;Medium;3944;X
60206;Minister of Security;Stanislaw Downarowicz;1921;1933;1999;SC;Compassionate Gentleman;Medium;3052;X
60207;Minister of Security;Marjan Rudzinski;1919;1943;1999;SC;Back Stabber;Medium;M13092;X
60208;Head of Government;Wincenty Witos;1919;1964;1999;SC;flamboyant tough guy;High;M13094;X
60209;Minister of Armament;Henryk Strasburger;1920;1933;1999;ML;Resource Industrialist;Medium;unknownminister;X
60210;Head of State;Regency Council;1914;1999;1999;PA;Local Tyrant2;Medium;9251;X
60211;Head of Government;Jan Kanty Steczkowski;1914;1930;1930;PA;Corporate Suit;High;3937;X
60212;Foreign Minister;Stanislaw Glabinski;1914;1932;1942;PA;Ideological Crusader;High;M13083;X
60213;Foreign Minister;Wojciech Rostworowski;1914;1932;1953;PA;Apologetic Clerk;High;9252;X
60214;Foreign Minister;Tytus Filipowicz;1914;1932;1954;SD;Biased Intellectual;High;9253;X
60215;Foreign Minister;Janusz Radziwill;1914;1945;1968;PA;Great Compromiser;High;M13104;X
60216;Minister of Armament;Stanislaw Dzierzbicki;1914;1920;1920;PA;Laissez-Faire Capitalist;High;9254;X
60217;Minister of Armament;Ludwik G躁ski;1914;1932;1932;PA;Industrial Chemist;High;unknownminister;X
60218;Minister of Armament;Jan Zagleniczny;1914;1932;1932;PA;Industrial Chemist;High;9255;X
60219;Minister of Armament;Edward Rydz-Smigly;1914;1942;1942;PA;Infantry Proponent;High;M13007;X
60220;Minister of Armament;Jan Wroczynski;1914;1946;1946;PA;Military Entrepreneur;High;9256;X
60221;Minister of Security;Jan Stecki;1914;1932;1955;PA;Silent Lawyer;High;9257;X
60222;Minister of Security;Zygmunt Chrzanowski;1914;1937;1937;PA;Compassionate Gentleman;High;unknownminister;X
60223;Minister of Security;Stanislaw Ustyanowski;1914;1932;1943;PA;Crime Fighter;High;unknownminister;X
60224;Head of Military Intelligence;Mieczyslaw Mackiewicz;1914;1955;1955;PA;Logistics Specialist;High;9275;X
60225;Head of Military Intelligence;Tadeusz Puszczynski;1914;1940;1940;PA;Industrial Specialist;High;9258;X
60226;Head of Military Intelligence;Karol Boldeskul;1914;1945;1945;PA;Political Specialist;High;unknownminister;X
60227;Chief of Staff;Marian Zegota-Januszajtis;1914;1940;1974;PA;school of defence;High;L8158;X
60228;Chief of Staff;Marian Kukiel;1914;1946;1973;PA;School of Fire Support;High;9259;X
60229;Chief of Staff;Stanislaw Szeptycki;1914;1932;1951;PA;School of Psychology;High;9260;X
60230;Chief of Staff;Wlodzimierz Zag躁ski;1914;1928;1928;PA;School of Manoeuvre;High;9261;X
60231;Chief of Army;Zygmunt Zielinski;1914;1926;1926;PA;Decisive Battle Doctrine;High;9262;X
60232;Chief of Army;Stanislaw Szeptycki;1914;1932;1951;PA;Static Defence Doctrine;High;9260;X
60233;Chief of Army;Stanislaw Puchalski;1914;1932;1932;PA;Guns and Butter Doctrine;High;6926;X
60234;Chief of Navy;Bogumil Nowotny;1914;1932;1961;PA;Decisive Naval Battle Doctrine;High;9263;X
60235;Chief of Air Force;Julian Sloniewski;1914;1921;1921;PA;Air Superiority Doctrine;High;9264;X
60236;Chief of Air Force;Sergiusz Abz肇towski;1914;1940;1940;PA;Air Superiority Doctrine;High;9265;X
60237;Chief of Air Force;Roman Florer;1914;1932;1974;PA;Army Aviation Doctrine;High;9266;X
60238;Chief of Air Force;Piotr Abakanowicz;1914;1932;1949;PA;Army Aviation Doctrine;High;6912;X
60239;Chief of Air Force;Wlodzimierz Zag躁ski;1914;1928;1928;PA;Army Aviation Doctrine;High;9261;X
60330;Minister of Armament;Wladyslaw Fokierski;1943;1961;1964;SL;Laissez-Faire Capitalist;High;M60330;X
60331;Minister of Security;Zygmunt Berezowski;1943;1964;1964;PA;Crime Fighter;High;M60331;X
60332;Minister of Security;Bronislaw Kusnierz;1943;1964;1964;SC;Silent Lawyer;High;M60332;X
60333;Head of Military Intelligence;Stanislaw Gano;1940;1964;1964;SC;Technical Specialist;High;M60333;X
60334;Head of Military Intelligence;Jan Zychon;1940;1964;1964;PA;Naval Intelligence Specialist;High;M60334;X
60335;Minister of Security;Roman Odzierzynski;1945;1964;1964;SC;Compassionate Gentleman;High;M60310;X
60336;Head of Government;Mikolaj Dolanowski;1945;1964;1964;PA;Corporate Suit;High;M60336;X
60337;Minister of Security;Mikolaj Dolanowski;1940;1964;1964;PA;Back Stabber;High;M60336;X
60338;Head of Government;Hugon Hanke;1945;1964;1964;SD;Ambitious Union Boss;High;M60338;X
60339;Foreign Minister;Antoni Pajak;1950;1964;1964;SD;Biased Intellectual;High;M60318;X
60340;Head of Government;Aleksander Zawisza;1950;1964;1964;SD;Corporate Suit;High;M60340;X
60341;Minister of Security;Feliks Wirski;1936;1964;1964;LWR;Efficient Sociopath;Medium;M60341;X
60342;Minister of Armament;Stanis쓰w Sopicki;1943;1964;1964;SL;Resource Industrialist;High;M60342;X
60343;Foreign Minister;Wladyslaw Kiernik;1936;1964;1964;SD;Biased Intellectual;Medium;M60343;X
60344;Foreign Minister;Kazimierz Baginski;1936;1964;1964;SL;Great Compromiser;High;M60344;X
60345;Head of Military Intelligence;Wojciech Zaleski;1936;1961;1964;FA;Political Specialist;High;M60345;X
60346;Foreign Minister;Wojciech Wasiutynski;1936;1964;1964;FA;Ideological Crusader;High;M60346;X
60347;Foreign Minister;Witold Staniszkis;1936;1964;1964;FA;Iron Fisted Brute;High;M60347;X
60348;Head of Government;Waclaw Kozielski;1936;1964;1964;FA;Naive Optimist;Low;M60348;X
60349;Head of Military Intelligence;Tadeusz Szturm de Sztrem;1936;1964;1964;LWR;Technical Specialist;Low;M60349;X
60350;Head of Military Intelligence;Zygmunt Zaremba;1936;1964;1964;ML;Logistics Specialist;High;M975135;X
60351;Head of Government;Jozef Dziegielewski;1936;1952;1964;LWR;Old General;High;M975138;X
60352;Head of State;Kazimierz Puzak;1936;1950;1964;LWR;Resigned Generalissimo;High;M975139;X
60353;Head of Military Intelligence;Ozjasz Szechter;1936;1964;1964;LE;Technical Specialist;Low;M975141;X
60354;Head of State;Franciszek Fiedler;1936;1957;1964;ST;Barking Buffoon;Low;M975146;X
60355;Minister of Security;Franciszek Jozwiak;1945;1964;1964;ST;Prince of Terror;Low;M975147;X
60356;Head of Military Intelligence;Stefan Antosiewicz;1945;1964;1964;ST;Dismal Enigma;Low;M975148;X
60357;Chief of Air Force;Stefan Antosiewicz;1945;1964;1964;ST;Carpet Bombing Doctrine;Low;M975148;X
60358;Chief of Navy;Iwan Szylingowski;1944;1953;1964;ST;Base Control Doctrine;Low;M975151;X
60359;Chief of Navy;Niko쓰j Abramow;1945;1964;1964;ST;Indirect Approach Doctrine;Low;M975152;X
60360;Chief of Navy;Adam Mohuczy;1945;1954;1964;ML;Open Seas Doctrine;High;M975153;X
60361;Chief of Navy;Wlodzimierz Steyer;1944;1958;1964;SL;Base Control Doctrine;High;M975154;X
60362;Chief of Navy;Wiktor S.Czeokow;1950;1964;1964;ST;Base Control Doctrine;Low;M975155;X
60363;Chief of Navy;Aleksander Winogradow;1950;1964;1964;LE;Base Control Doctrine;Low;M975120;X
60364;Chief of Navy;Zdzislaw Studzinski;1955;1964;1964;LWR;Decisive Naval Battle Doctrine;Low;M975123;X
60365;Chief of Navy;Ludwik Janczyszyn;1955;1964;1964;LWR;Open Seas Doctrine;Low;M975156;X
60366;Foreign Minister;Aleksander Zawisza;1943;1964;1964;SD;Iron Fisted Brute;High;M60340;X
60367;Head of Military Intelligence;Lukasz Siemiatkowski;1914;1963;1964;LWR;Political Specialist;High;M975157;X
60368;Minister of Security;Pantaleon Karpinski;1914;1963;1964;LWR;Prince of Terror;High;M975158;X
60369;Minister of Security;Jozef Lokietek Rebe;1914;1963;1964;LWR;Prince of Terror;High;M975159;X
60370;Chief of Staff;Rajmund Jaworski;1916;1963;1964;LWR;School of Defence;High;M975160;X
60371;Foreign Minister;Jozef Niski;1920;1950;1964;LWR;Iron Fisted Brute;High;M975134;X
60372;Head of Government;Adam Szczypiorski;1930;1971;1971;PA;Ambitious Union Boss;High;M60372;X
60373;Head of Government;Antoni Paczek;1930;1953;1964;ML;Ambitious Union Boss;High;M60373;X
60374;Minister of Armament;Antoni Paczek;1924;1953;1964;ML;Resource Industrialist;High;M60373;X
60375;Foreign Minister;J簇ef Biniszkiewicz;1919;1963;1964;SL;Great Compromiser;High;M60374;X
60376;Head of Government;Henryk Jozewski;1920;1963;1964;PA;Happy Amateur;High;M60376;X
60377;Foreign Minister;Henryk Jozewski;1920;1963;1964;PA;Ideological Crusader;High;M60376;X
60378;Minister of Armament;Leon Janta Polczynski;1914;1961;1964;SC;Administrative Genius;High;M60378;X
60379;Foreign Minister;Leon Janta Polczynski;1914;1961;1964;SC;General Staffer;High;M60378;X
60380;Minister of Armament;Witold Staniewicz;1920;1967;1967;SC;Theoretical Scientist;High;M60380;X
60381;Minister of Armament;Witold Lesniewski;1920;1963;1964;SC;Infantry Proponent;High;M60380;X
60382;Minister of Armament;Karol Niezabytowski;1910;1953;1964;SC;Military Entrepreneur;High;M60382;X
60383;Head of State;Bogus쓰w Miedzinski;1930;1963;1964;PA;Die-hard Reformer;High;M60383;X
60384;Head of Government;Bogus쓰w Miedzinski;1930;1963;1964;SC;Local Tyrant;High;M60383;X
60385;Minister of Armament;Czeslaw Klarner;1930;1957;1964;SC;Industrial Chemist;High;M60385;X
60386;Head of State;Waclaw Makowski;1930;1964;1964;PA;Democratic Idealist;High;M60386;X
60387;Head of State;Karol Olbracht Habsburg-Lotarynski;1936;1952;1964;PA;Stern Imperialist;High;M60387;X
60388;Head of State;Karol Stefan Altenburg-Habsburg;1939;1964;1964;SC;Benevolent Gentleman;High;M60388;X
60389;Head of State;Adam Karol Czartoryski;1958;1964;1964;SC;Die-hard Reformer;High;M60389;X
60390;Head of State;Jan Tomasz Zamojski ;1939;1964;1964;SD;Weary Stiffneck;High;M60390;X
60391;Head of Government;Kardynal Stefan Wyszynski;1948;1964;1964;SC;Happy Amateur;High;M60391;X
60392;Head of Government;Kardynal A.S. Sapieha;1936;1952;1964;PA;Backroom Backstabber;High;M60392;X
60393;Foreign Minister;Kardynal A.S. Sapieha;1936;1952;1964;PA;Biased Intellectual;High;M60392;X
60394;Minister of Armament;Bp Stanislaw Adamski;1938;1964;1964;PA;Military Entrepreneur;High;M60394;X
60395;Head of Government;Janusz Jedrzejewicz;1914;1963;1964;PA;Political Protege;High;M60395;X
60396;Minister of Armament;Wladyslaw M. Zawadzki;1914;1963;1964;PA;Resource Industrialist;High;M60396;X
60397;Minister of Security;Czeslaw Michalowski;1914;1963;1964;PA;Crime Fighter;High;M60397;X
60398;Head of Military Intelligence;Bronislaw Piernacki;1914;1963;1964;PA;Dismal Enigma;High;M60398;X
60399;Head of Government;Aleksander Prystor;1914;1964;1964;PA;Backroom Backstabber;High;M60399;X
60400;Minister of Armament;Jan Pilsudski;1914;1964;1964;PA;Laissez-Faire Capitalist;High;M60400;X
60401;Head of Government;Leon Kozlowski;1914;1964;1964;PA;Naive Optimist;High;M13080;X
60402;Head of Government;Walery Slawek;1914;1964;1964;PA;Happy Amateur;High;M13040;X
60403;Head of State;Edward Rydz-Smigly;1933;1941;1941;PA;Resigned Generalissimo;High;M13007;X
60404;Head of Government;Edward Rydz-Smigly;1933;1941;1941;PA;Political Protege;High;M13007;X
60405;Head of State;Wojciech Jaruzelski;1980;2020;2020;LE;Stern Imperialist;Very High;POL1;X
60406;Head of Government;Wojciech Jaruzelski;1980;2020;2020;LE;Flamboyant Tough Guy;Very High;POL1;X
60407;Foreign Minister;Stefan Olszowski;1980;2020;2020;LE;General Staffer;Very High;POL2;X
60408;Minister of Armament;Florian Siwicki;1980;2014;2014;LE;Military Entrepreneur;Very High;POL3;X
60409;Minister of Security;Czeslaw Kiszczak;1980;2020;2020;LE;Crime Fighter;Very High;POL4;X
60410;Head of Military Intelligence;J簇ef Beim;1980;1988;1988;LE;Logistics Specialist;Very High;POL5;X
60411;Chief of Staff;J簇ef Uzycki;1980;2020;2020;LE;School of Defence;Very High;POL6;X
60412;Chief of Army;Michal Rola-Zymierski;1980;1990;1990;LE;Decisive Battle Doctrine;Very High;POL7;X
60413;Chief of Navy;Piotr Kolodziejczyk;1980;2020;2020;LE;Open Seas Doctrine;Very High;POL8;X
60414;Chief of Air Force;Miroslaw Hermaszewski;1980;2020;2020;LE;Air Superiority Doctrine;Very High;POL9;X
60415;Head of State;Lech Walesa;1980;2020;2020;SD;Barking Buffoon;Very High;POL10;X
60416;Head of Government;Tadeusz Mazowiecki;1980;2014;2014;SC;Silent Workhorse;Very High;POL11;X
60417;Foreign Minister;Krzysztof Skubiszewski;1980;2011;2011;SC;Great Compromiser;Very High;POL12;X
60418;Minister of Armament;Leszek Balcerowicz;1980;2020;2020;ML;Laissez-Faire Capitalist;Very High;POL13;X
60419;Minister of Security;Krzysztof Kozlowski;1980;2014;2014;ML;Crime Fighter;Very High;POL14;X
60420;Head of Military Intelligence;Krzysztof Kozlowski;1980;2014;2014;ML;Political Specialist;Very High;POL14;X
60421;Chief of Staff;J簇ef Uzycki;1980;2020;2020;SD;School of Manoeuvre;Very High;POL6;X
60422;Chief of Army;J簇ef Uzycki;1980;2020;2020;SD;Armoured Spearhead Doctrine;Very High;POL6;X
60423;Chief of Navy;Ryszard Lukasik;1980;2020;2020;ML;Indirect Approach Doctrine;Very High;POL15;X
60424;Chief of Air Force;Jerzy Gotowala;1980;2020;2020;ML;Air Superiority Doctrine;Very High;POL16;X
60425;Head of Government;Aleksander Zawisza;1965;1978;1978;ML;Smiling Oilman;Very High;M60320;X
60426;Head of Government;Zygmunt Muchniewski;1970;1980;1980;ML;Old Airmarshal;Very High;M60426;X
60427;Head of State;Stanis쓰w Ostrowski;1972;1983;1983;ML;Weary Stiffneck;Very High;M60427;X
60428;Head of Government;Alfred Urbanski;1972;1984;1984;ML;Flamboyant Tough Guy;Very High;M60428;X
60429;Head of Government;Kazimierz Sabbat;1976;1990;1990;ML;Happy Amateur;Very High;M60429;X
60430;Head of State;Kazimierz Sabbat;1986;1990;1990;ML;Die-hard Reformer;Very High;M60429;X
60431;Head of Government;Edward Szczepanik;1986;2006;2006;ML;Smiling Oilman;Very High;M60431;X
60432;Head of State;Ryszard Kaczorowski;1989;2011;2011;ML;Benevolent Gentleman;Very High;M60432;X
60433;Head of Government;Jan Krzysztof Bielecki;1991;2020;2020;ML;Corporate Suit;Very High;M60433;X
60434;Head of Government;Aleksander Kwasniewski;1991;2020;2020;SL;Political Protege;Very High;M60434;X
60435;Head of Government;Jan Olszewski;1991;2020;2020;SC;Flamboyant Tough Guy;Very High;M60435;X
60436;Head of State;Janusz Korwin-Mikke;1989;2020;2020;PA;Stern Imperialist;High;POL17;X
60437;Head of Government;Janusz Korwin-Mikke;1989;2020;2020;PA;Silent Workhorse;High;POL17;X
60438;Foreign Minister;Krzysztof Skubiszewski;1980;2011;2011;PA;Great Compromiser;Very High;POL12;X
60439;Minister of Armament;Jan Olszewski;1980;2020;2020;PA;Administrative Genius;Very High;M60435;X
60440;Minister of Security;Stanislaw Michalkiewicz;1980;2020;2020;PA;Crime Fighter;Very High;POL18;X
60441;Head of Military Intelligence;Stanislaw Michalkiewicz;1980;2020;2020;PA;Political Specialist;Very High;POL18;X
60442;Chief of Staff;Adam Karol Czartoryski;1980;2020;2020;PA;School of Psychology;Very High;M60389;X
60443;Chief of Army;Adam Karol Czartoryski;1980;2020;2020;PA;Armoured Spearhead Doctrine;Very High;M60389;X
60444;Chief of Navy;N/A;1936;2020;2020;PA;Generic;Very High;Unknown;X
60445;Chief of Air Force;Adam Karol Czartoryski;1980;2020;2020;PA;Army Aviation Doctrine;Very High;M60389;X
